2015/08/25,4,4
2015/08/26,2,6
2015/08/27,11,17
2015/08/29,1,18
2015/09/01,1,19
2015/09/04,3,22
2015/09/06,1,23
2015/09/08,1,24
2015/09/09,1,25
2015/10/07,1,26
2015/10/14,1,27
2015/10/18,3,30
2015/10/29,1,31
2015/11/12,2,33
2015/11/13,1,34
2015/11/19,1,35
2015/11/22,1,36
2015/11/23,1,37
2015/11/28,1,38
2015/12/03,1,39
2015/12/13,1,40
2015/12/14,1,41
2015/12/15,1,42
2015/12/16,1,43
2015/12/21,1,44
2015/12/22,3,47
2016/01/05,3,50
2016/01/09,1,51
2016/01/12,1,52
2016/01/24,1,53
2016/01/26,1,54
2016/02/02,1,55
2016/02/08,1,56
2016/02/12,1,57
2016/02/16,1,58
2016/02/17,1,59
2016/02/20,1,60
2016/02/21,1,61
2016/02/22,1,62
2016/03/02,1,63
2016/03/10,1,64
2016/03/16,1,65
2016/03/19,3,68
2016/03/26,1,69
2016/04/08,1,70
2016/04/10,1,71
2016/04/19,2,73
2016/04/21,1,74
2016/04/22,1,75
2016/04/25,2,77
2016/04/28,1,78
2016/05/02,1,79
2016/05/06,1,80
2016/05/17,1,81
2016/05/19,1,82
2016/05/20,1,83
2016/05/21,2,85
2016/05/23,1,86
2016/05/24,1,87
2016/05/26,1,88
2016/05/27,1,89
2016/06/01,1,90
2016/06/02,1,91
2016/06/04,1,92
2016/06/13,2,94
2016/06/14,1,95
2016/06/15,1,96
2016/06/16,1,97
2016/06/20,1,98
2016/06/21,1,99
2016/06/25,1,100
2016/06/27,1,101
2016/06/29,1,102
2016/07/02,1,103
2016/07/05,1,104
2016/07/07,1,105
2016/07/12,1,106
2016/07/22,3,109
2016/07/25,1,110
2016/07/26,2,112
2016/07/27,1,113
2016/07/28,1,114
2016/07/29,2,116
2016/07/30,1,117
2016/08/02,2,119
2016/08/04,1,120
2016/08/05,1,121
2016/08/06,1,122
2016/08/07,2,124
2016/08/08,2,126
2016/08/09,1,127
2016/08/11,1,128
2016/08/12,2,130
2016/08/17,2,132
2016/08/20,2,134
2016/08/23,1,135
2016/08/25,50,185
2016/08/26,11,196
2016/08/27,3,199
2016/08/28,3,202
2016/08/29,5,207
2016/08/31,2,209
2016/09/01,4,213
2016/09/02,1,214
2016/09/03,4,218
2016/09/04,2,220
2016/09/05,3,223
2016/09/07,1,224
2016/09/08,1,225
2016/09/09,1,226
2016/09/10,2,228
2016/09/11,1,229
2016/09/13,1,230
2016/09/14,2,232
2016/09/15,3,235
2016/09/16,1,236
2016/09/18,1,237
2016/09/19,1,238
2016/09/20,1,239
2016/09/22,2,241
2016/09/26,2,243
2016/09/27,2,245
2016/09/28,2,247
2016/09/29,2,249
2016/09/30,1,250
2016/10/02,1,251
2016/10/05,1,252
2016/10/06,3,255
2016/10/07,1,256
2016/10/08,1,257
2016/10/09,4,261
2016/10/10,1,262
2016/10/11,10,272
2016/10/12,22,294
2016/10/13,15,309
2016/10/14,10,319
2016/10/15,10,329
2016/10/16,5,334
2016/10/17,3,337
2016/10/18,3,340
2016/10/19,4,344
2016/10/20,5,349
2016/10/21,3,352
2016/10/22,3,355
2016/10/23,5,360
2016/10/24,2,362
2016/10/25,3,365
2016/10/26,4,369
2016/10/27,3,372
2016/10/28,2,374
2016/10/29,1,375
2016/10/31,2,377
2016/11/01,1,378
2016/11/02,1,379
2016/11/03,2,381
2016/11/04,5,386
2016/11/05,3,389
2016/11/07,1,390
2016/11/09,1,391
2016/11/10,2,393
2016/11/11,3,396
2016/11/12,2,398
2016/11/13,2,400
2016/11/14,1,401
2016/11/15,3,404
2016/11/17,1,405
2016/11/19,2,407
2016/11/21,3,410
2016/11/22,1,411
2016/11/23,2,413
2016/11/24,2,415
2016/11/25,2,417
2016/11/27,1,418
2016/11/28,1,419
2016/11/29,2,421
2016/11/30,1,422
2016/12/01,1,423
2016/12/02,4,427
2016/12/03,2,429
2016/12/04,2,431
2016/12/05,3,434
2016/12/06,3,437
2016/12/07,1,438
2016/12/08,2,440
2016/12/09,1,441
2016/12/10,5,446
2016/12/11,1,447
2016/12/12,2,449
2016/12/14,1,450
2016/12/15,2,452
2016/12/16,2,454
2016/12/19,1,455
2016/12/20,1,456
2016/12/21,2,458
2016/12/22,3,461
2016/12/23,3,464
2016/12/26,2,466
2016/12/27,3,469
2016/12/28,2,471
2016/12/29,4,475
2016/12/30,1,476
2016/12/31,4,480
2017/01/02,1,481
2017/01/03,2,483
2017/01/04,2,485
2017/01/05,1,486
2017/01/07,3,489
2017/01/08,1,490
2017/01/09,4,494
2017/01/10,2,496
2017/01/11,4,500
2017/01/12,2,502
2017/01/13,1,503
2017/01/16,4,507
2017/01/17,1,508
2017/01/19,2,510
2017/01/20,3,513
2017/01/22,1,514
2017/01/24,1,515
2017/01/25,2,517
2017/01/29,1,518
2017/01/30,1,519
2017/01/31,3,522
2017/02/02,4,526
2017/02/03,2,528
2017/02/04,3,531
2017/02/05,1,532
2017/02/07,3,535
2017/02/08,1,536
2017/02/09,3,539
2017/02/10,2,541
2017/02/12,2,543
2017/02/13,1,544
2017/02/14,1,545
2017/02/15,2,547
2017/02/17,3,550
2017/02/21,1,551
2017/02/22,2,553
2017/02/23,2,555
2017/02/24,5,560
2017/02/25,1,561
2017/02/27,2,563
2017/02/28,3,566
2017/03/01,1,567
2017/03/02,1,568
2017/03/04,1,569
2017/03/05,2,571
2017/03/06,3,574
2017/03/07,3,577
2017/03/08,1,578
2017/03/09,6,584
2017/03/11,1,585
2017/03/13,1,586
2017/03/14,3,589
2017/03/15,3,592
2017/03/16,1,593
2017/03/17,2,595
2017/03/18,1,596
2017/03/19,4,600
2017/03/20,3,603
2017/03/21,3,606
2017/03/22,5,611
2017/03/23,1,612
2017/03/24,3,615
2017/03/25,2,617
2017/03/26,2,619
2017/03/27,6,625
2017/03/28,5,630
2017/03/30,6,636
2017/03/31,3,639
2017/04/01,1,640
2017/04/02,3,643
2017/04/05,3,646
2017/04/06,2,648
2017/04/07,4,652
2017/04/08,1,653
2017/04/09,1,654
2017/04/10,5,659
2017/04/12,2,661
2017/04/13,2,663
2017/04/14,4,667
2017/04/15,2,669
2017/04/16,4,673
2017/04/18,2,675
2017/04/19,4,679
2017/04/20,4,683
2017/04/22,2,685
2017/04/25,1,686
2017/04/26,2,688
2017/04/27,5,693
2017/04/28,1,694
2017/04/29,1,695
2017/05/02,5,700
2017/05/03,5,705
2017/05/04,6,711
2017/05/05,6,717
2017/05/06,1,718
2017/05/07,2,720
2017/05/10,5,725
2017/05/11,1,726
2017/05/12,4,730
2017/05/13,1,731
2017/05/14,1,732
2017/05/15,3,735
2017/05/16,3,738
2017/05/17,5,743
2017/05/18,2,745
2017/05/20,4,749
2017/05/22,2,751
2017/05/23,1,752
2017/05/24,4,756
2017/05/25,7,763
2017/05/26,2,765
2017/05/27,1,766
2017/05/29,2,768
2017/05/30,2,770
2017/05/31,1,771
2017/06/01,3,774
2017/06/02,3,777
2017/06/03,5,782
2017/06/04,4,786
2017/06/05,2,788
2017/06/06,2,790
2017/06/07,1,791
2017/06/08,1,792
2017/06/09,4,796
2017/06/10,2,798
2017/06/11,3,801
2017/06/12,1,802
2017/06/13,5,807
2017/06/14,2,809
2017/06/15,3,812
2017/06/16,2,814
2017/06/17,1,815
2017/06/18,2,817
2017/06/19,3,820
2017/06/20,1,821
2017/06/21,4,825
2017/06/22,5,830
2017/06/23,3,833
2017/06/24,3,836
2017/06/26,4,840
2017/06/27,5,845
2017/06/28,4,849
2017/06/29,1,850
2017/06/30,2,852
2017/07/02,3,855
2017/07/03,1,856
2017/07/04,3,859
2017/07/05,6,865
2017/07/06,6,871
2017/07/07,4,875
2017/07/09,2,877
2017/07/10,2,879
2017/07/11,5,884
2017/07/12,11,895
2017/07/13,2,897
2017/07/14,4,901
2017/07/16,4,905
2017/07/17,4,909
2017/07/18,3,912
2017/07/19,4,916
2017/07/20,2,918
2017/07/21,3,921
2017/07/24,3,924
2017/07/25,3,927
2017/07/27,4,931
2017/07/29,1,932
2017/07/30,1,933
2017/07/31,2,935
2017/08/01,4,939
2017/08/02,2,941
2017/08/03,2,943
2017/08/04,4,947
2017/08/05,1,948
2017/08/07,2,950
2017/08/08,1,951
2017/08/09,2,953
2017/08/10,3,956
2017/08/11,4,960
2017/08/12,2,962
2017/08/14,2,964
2017/08/15,3,967
2017/08/16,3,970
2017/08/17,3,973
2017/08/18,1,974
2017/08/19,4,978
2017/08/21,3,981
2017/08/22,2,983
2017/08/23,6,989
2017/08/24,2,991
2017/08/25,5,996
2017/08/29,4,1000
2017/08/30,2,1002
2017/08/31,1,1003
2017/09/02,1,1004
2017/09/03,2,1006
2017/09/04,4,1010
2017/09/05,3,1013
2017/09/06,1,1014
2017/09/08,3,1017
2017/09/09,1,1018
2017/09/10,1,1019
2017/09/11,2,1021
2017/09/13,3,1024
2017/09/14,2,1026
2017/09/15,2,1028
2017/09/17,2,1030
2017/09/18,1,1031
2017/09/19,2,1033
2017/09/20,3,1036
2017/09/21,9,1045
2017/09/22,8,1053
2017/09/23,4,1057
2017/09/24,1,1058
2017/09/25,1,1059
2017/09/26,4,1063
2017/09/27,1,1064
2017/09/28,4,1068
2017/09/29,3,1071
2017/09/30,2,1073
2017/10/01,2,1075
2017/10/02,5,1080
2017/10/03,5,1085
2017/10/04,6,1091
2017/10/05,1,1092
2017/10/06,1,1093
2017/10/07,1,1094
2017/10/09,4,1098
2017/10/10,3,1101
2017/10/11,2,1103
2017/10/12,2,1105
2017/10/13,2,1107
2017/10/14,3,1110
2017/10/15,1,1111
2017/10/16,6,1117
2017/10/17,4,1121
2017/10/18,8,1129
2017/10/19,5,1134
2017/10/20,3,1137
2017/10/21,1,1138
2017/10/22,4,1142
2017/10/23,2,1144
2017/10/24,8,1152
2017/10/25,2,1154
2017/10/26,5,1159
2017/10/27,2,1161
2017/10/28,1,1162
2017/10/30,3,1165
2017/10/31,2,1167
2017/11/01,1,1168
2017/11/02,2,1170
2017/11/03,2,1172
2017/11/04,1,1173
2017/11/05,2,1175
2017/11/06,1,1176
2017/11/07,1,1177
2017/11/08,1,1178
2017/11/09,3,1181
2017/11/10,3,1184
2017/11/11,1,1185
2017/11/12,5,1190
2017/11/13,2,1192
2017/11/14,2,1194
2017/11/15,4,1198
2017/11/17,3,1201
2017/11/18,3,1204
2017/11/20,2,1206
2017/11/21,4,1210
2017/11/22,2,1212
2017/11/23,2,1214
2017/11/24,4,1218
2017/11/25,3,1221
2017/11/27,2,1223
2017/11/28,3,1226
2017/11/29,1,1227
2017/11/30,2,1229
2017/12/01,3,1232
2017/12/02,4,1236
2017/12/03,1,1237
2017/12/04,4,1241
2017/12/05,3,1244
2017/12/06,5,1249
2017/12/07,1,1250
2017/12/08,1,1251
2017/12/09,2,1253
2017/12/11,1,1254
2017/12/12,3,1257
2017/12/13,2,1259
2017/12/14,4,1263
2017/12/15,2,1265
2017/12/16,2,1267
2017/12/17,1,1268
2017/12/18,3,1271
2017/12/19,4,1275
2017/12/20,4,1279
2017/12/21,5,1284
2017/12/22,4,1288
2017/12/23,1,1289
2017/12/24,4,1293
2017/12/25,4,1297
2017/12/26,3,1300
2017/12/27,2,1302
2017/12/28,2,1304
2017/12/30,3,1307
2017/12/31,3,1310
2018/01/01,2,1312
2018/01/03,2,1314
2018/01/04,1,1315
2018/01/05,4,1319
2018/01/06,1,1320
2018/01/07,1,1321
2018/01/08,3,1324
2018/01/09,1,1325
2018/01/10,4,1329
2018/01/11,2,1331
2018/01/12,5,1336
2018/01/13,2,1338
2018/01/14,1,1339
2018/01/15,2,1341
2018/01/16,2,1343
2018/01/17,3,1346
2018/01/18,4,1350
2018/01/19,3,1353
2018/01/20,3,1356
2018/01/21,2,1358
2018/01/22,5,1363
2018/01/23,6,1369
2018/01/24,2,1371
2018/01/25,1,1372
2018/01/26,1,1373
2018/01/28,3,1376
2018/01/29,6,1382
2018/01/30,8,1390
2018/01/31,3,1393
2018/02/01,2,1395
2018/02/02,3,1398
2018/02/03,1,1399
2018/02/04,2,1401
2018/02/05,3,1404
2018/02/06,5,1409
2018/02/07,3,1412
2018/02/08,3,1415
2018/02/09,1,1416
2018/02/10,2,1418
2018/02/11,2,1420
2018/02/12,4,1424
2018/02/13,3,1427
2018/02/15,4,1431
2018/02/16,1,1432
2018/02/18,1,1433
2018/02/19,2,1435
2018/02/20,6,1441
2018/02/21,1,1442
2018/02/23,5,1447
2018/02/24,2,1449
2018/02/25,1,1450
2018/02/26,5,1455
2018/02/27,5,1460
2018/02/28,5,1465
2018/03/01,8,1473
2018/03/02,1,1474
2018/03/03,1,1475
2018/03/04,2,1477
2018/03/05,2,1479
2018/03/06,5,1484
2018/03/07,4,1488
2018/03/08,8,1496
2018/03/09,4,1500
2018/03/10,1,1501
2018/03/11,5,1506
2018/03/12,4,1510
2018/03/13,5,1515
2018/03/14,6,1521
2018/03/15,4,1525
2018/03/16,2,1527
2018/03/17,5,1532
2018/03/18,2,1534
2018/03/19,6,1540
2018/03/20,6,1546
2018/03/21,6,1552
2018/03/22,4,1556
2018/03/23,4,1560
2018/03/24,3,1563
2018/03/25,1,1564
2018/03/26,4,1568
2018/03/27,2,1570
2018/03/28,2,1572
2018/03/29,4,1576
2018/03/30,4,1580
2018/03/31,2,1582
2018/04/01,2,1584
2018/04/02,4,1588
2018/04/03,2,1590
2018/04/04,1,1591
2018/04/05,3,1594
2018/04/06,3,1597
2018/04/07,3,1600
2018/04/09,6,1606
2018/04/10,7,1613
2018/04/11,3,1616
2018/04/12,12,1628
2018/04/13,5,1633
2018/04/14,2,1635
2018/04/15,3,1638
2018/04/16,3,1641
2018/04/17,5,1646
2018/04/18,2,1648
2018/04/19,3,1651
2018/04/20,4,1655
2018/04/21,5,1660
2018/04/22,3,1663
2018/04/23,1,1664
2018/04/24,6,1670
2018/04/25,4,1674
2018/04/26,4,1678
2018/04/27,1,1679
2018/04/28,8,1687
2018/04/30,2,1689
2018/05/01,2,1691
2018/05/02,6,1697
2018/05/03,3,1700
2018/05/04,5,1705
2018/05/06,1,1706
2018/05/07,2,1708
2018/05/08,5,1713
2018/05/09,2,1715
2018/05/10,6,1721
2018/05/11,4,1725
2018/05/12,2,1727
2018/05/13,1,1728
2018/05/14,4,1732
2018/05/15,10,1742
2018/05/16,5,1747
2018/05/17,2,1749
2018/05/18,4,1753
2018/05/20,1,1754
2018/05/21,1,1755
2018/05/22,5,1760
2018/05/23,6,1766
2018/05/24,4,1770
2018/05/25,3,1773
2018/05/26,3,1776
2018/05/27,4,1780
2018/05/28,5,1785
2018/05/29,2,1787
2018/05/30,6,1793
2018/05/31,5,1798
2018/06/01,2,1800
2018/06/02,2,1802
2018/06/03,2,1804
2018/06/04,4,1808
2018/06/05,3,1811
2018/06/06,5,1816
2018/06/07,5,1821
2018/06/08,3,1824
2018/06/09,1,1825
2018/06/11,4,1829
2018/06/12,7,1836
2018/06/13,3,1839
2018/06/14,3,1842
2018/06/15,5,1847
2018/06/16,1,1848
2018/06/17,2,1850
2018/06/18,1,1851
2018/06/19,4,1855
2018/06/20,3,1858
2018/06/21,2,1860
2018/06/22,5,1865
2018/06/24,4,1869
2018/06/25,3,1872
2018/06/26,5,1877
2018/06/27,2,1879
2018/06/28,3,1882
2018/06/29,5,1887
2018/07/01,2,1889
2018/07/02,2,1891
2018/07/03,3,1894
2018/07/04,4,1898
2018/07/05,2,1900
2018/07/06,2,1902
2018/07/07,1,1903
2018/07/09,3,1906
2018/07/10,4,1910
2018/07/11,2,1912
2018/07/12,6,1918
2018/07/13,4,1922
2018/07/14,1,1923
2018/07/15,2,1925
2018/07/16,4,1929
2018/07/17,5,1934
2018/07/18,2,1936
2018/07/19,4,1940
2018/07/20,2,1942
2018/07/21,1,1943
2018/07/22,1,1944
2018/07/23,2,1946
2018/07/24,6,1952
2018/07/25,3,1955
2018/07/26,5,1960
2018/07/27,2,1962
2018/07/28,1,1963
2018/07/29,1,1964
2018/07/30,4,1968
2018/07/31,4,1972
2018/08/01,2,1974
2018/08/02,2,1976
2018/08/03,1,1977
2018/08/04,3,1980
2018/08/06,9,1989
2018/08/07,2,1991
2018/08/09,1,1992
2018/08/10,5,1997
2018/08/11,4,2001
2018/08/12,3,2004
2018/08/13,2,2006
2018/08/14,2,2008
2018/08/15,4,2012
2018/08/16,5,2017
2018/08/17,3,2020
2018/08/18,1,2021
2018/08/19,1,2022
2018/08/20,4,2026
2018/08/21,1,2027
2018/08/23,1,2028
2018/08/24,2,2030
2018/08/25,2,2032
2018/08/26,1,2033
2018/08/27,1,2034
2018/08/28,3,2037
2018/08/29,2,2039
2018/08/30,1,2040
2018/08/31,3,2043
2018/09/01,1,2044
2018/09/03,3,2047
2018/09/04,4,2051
2018/09/05,2,2053
2018/09/07,6,2059
2018/09/08,5,2064
2018/09/09,4,2068
2018/09/10,3,2071
2018/09/11,6,2077
2018/09/12,3,2080
2018/09/13,5,2085
2018/09/14,2,2087
2018/09/15,3,2090
2018/09/16,3,2093
2018/09/17,2,2095
2018/09/18,1,2096
2018/09/19,3,2099
2018/09/20,5,2104
2018/09/21,3,2107
2018/09/23,5,2112
2018/09/24,3,2115
2018/09/25,3,2118
2018/09/26,5,2123
2018/09/27,2,2125
2018/09/28,5,2130
2018/09/29,8,2138
2018/09/30,1,2139
2018/10/02,1,2140
2018/10/03,1,2141
2018/10/04,2,2143
2018/10/05,2,2145
2018/10/06,2,2147
2018/10/07,3,2150
2018/10/08,2,2152
2018/10/09,5,2157
2018/10/10,1,2158
2018/10/11,2,2160
2018/10/12,6,2166
2018/10/13,3,2169
2018/10/14,2,2171
2018/10/15,4,2175
2018/10/16,2,2177
2018/10/17,5,2182
2018/10/18,1,2183
2018/10/19,5,2188
2018/10/20,2,2190
2018/10/21,2,2192
2018/10/22,4,2196
2018/10/23,5,2201
2018/10/24,8,2209
2018/10/25,4,2213
2018/10/26,1,2214
2018/10/27,2,2216
2018/10/29,2,2218
2018/10/30,4,2222
2018/10/31,1,2223
2018/11/01,4,2227
2018/11/02,2,2229
2018/11/03,1,2230
2018/11/05,4,2234
2018/11/06,10,2244
2018/11/07,10,2254
2018/11/08,3,2257
2018/11/09,7,2264
2018/11/10,2,2266
2018/11/11,6,2272
2018/11/12,8,2280
2018/11/13,2,2282
2018/11/14,5,2287
2018/11/15,10,2297
2018/11/16,3,2300
2018/11/17,2,2302
2018/11/18,5,2307
2018/11/19,7,2314
2018/11/20,9,2323
2018/11/21,4,2327
2018/11/22,6,2333
2018/11/23,4,2337
2018/11/24,1,2338
2018/11/25,4,2342
2018/11/26,4,2346
2018/11/27,4,2350
2018/11/28,8,2358
2018/11/29,6,2364
2018/11/30,2,2366
2018/12/01,1,2367
2018/12/02,4,2371
2018/12/03,3,2374
2018/12/04,1,2375
2018/12/05,3,2378
2018/12/06,11,2389
2018/12/07,2,2391
2018/12/08,2,2393
2018/12/09,3,2396
2018/12/10,10,2406
2018/12/11,9,2415
2018/12/12,9,2424
2018/12/13,10,2434
2018/12/14,4,2438
2018/12/15,1,2439
2018/12/16,1,2440
2018/12/17,6,2446
2018/12/18,5,2451
2018/12/19,2,2453
2018/12/20,7,2460
2018/12/21,3,2463
2018/12/22,2,2465
2018/12/23,5,2470
2018/12/24,6,2476
2018/12/25,2,2478
2018/12/27,1,2479
2018/12/28,8,2487
2018/12/29,4,2491
2018/12/31,3,2494
2019/01/02,4,2498
2019/01/03,2,2500
2019/01/04,5,2505
2019/01/06,4,2509
2019/01/07,7,2516
2019/01/08,3,2519
2019/01/09,5,2524
2019/01/10,2,2526
2019/01/11,4,2530
2019/01/12,2,2532
2019/01/14,5,2537
2019/01/15,4,2541
2019/01/16,2,2543
2019/01/17,1,2544
2019/01/18,2,2546
2019/01/19,2,2548
2019/01/20,2,2550
2019/01/21,6,2556
2019/01/22,3,2559
2019/01/23,5,2564
2019/01/24,7,2571
2019/01/25,5,2576
2019/01/26,2,2578
2019/01/27,3,2581
2019/01/28,6,2587
2019/01/29,5,2592
2019/01/30,1,2593
2019/01/31,3,2596
2019/02/01,2,2598
2019/02/02,4,2602
2019/02/03,1,2603
2019/02/04,2,2605
2019/02/05,2,2607
2019/02/06,2,2609
2019/02/07,9,2618
2019/02/08,4,2622
2019/02/09,2,2624
2019/02/10,3,2627
2019/02/11,4,2631
2019/02/12,3,2634
2019/02/13,3,2637
2019/02/14,7,2644
2019/02/15,4,2648
2019/02/17,2,2650
2019/02/18,5,2655
2019/02/19,6,2661
2019/02/20,6,2667
2019/02/21,2,2669
2019/02/22,2,2671
2019/02/23,4,2675
2019/02/24,5,2680
2019/02/25,7,2687
2019/02/26,6,2693
2019/02/27,11,2704
2019/02/28,12,2716
2019/03/01,6,2722
2019/03/02,16,2738
2019/03/03,7,2745
2019/03/04,12,2757
2019/03/05,15,2772
2019/03/06,13,2785
2019/03/07,7,2792
2019/03/08,5,2797
2019/03/09,4,2801
2019/03/10,5,2806
2019/03/11,4,2810
2019/03/12,8,2818
2019/03/13,5,2823
2019/03/14,9,2832
2019/03/15,2,2834
2019/03/16,5,2839
2019/03/17,1,2840
2019/03/18,6,2846
2019/03/19,1,2847
2019/03/20,4,2851
2019/03/21,7,2858
2019/03/22,8,2866
2019/03/24,3,2869
2019/03/25,1,2870
2019/03/26,9,2879
2019/03/27,8,2887
2019/03/28,2,2889
2019/03/29,3,2892
2019/03/30,2,2894
2019/03/31,7,2901
2019/04/01,6,2907
2019/04/02,7,2914
2019/04/03,7,2921
2019/04/04,5,2926
2019/04/05,2,2928
2019/04/06,3,2931
2019/04/07,1,2932
2019/04/08,8,2940
2019/04/09,4,2944
2019/04/10,4,2948
2019/04/11,5,2953
2019/04/12,4,2957
2019/04/13,2,2959
2019/04/14,3,2962
2019/04/15,5,2967
2019/04/16,4,2971
2019/04/17,4,2975
2019/04/18,7,2982
2019/04/19,6,2988
2019/04/20,2,2990
2019/04/22,2,2992
2019/04/24,2,2994
2019/04/25,3,2997
2019/04/26,3,3000
2019/04/27,7,3007
2019/04/28,1,3008
2019/04/29,1,3009
2019/04/30,6,3015
2019/05/01,4,3019
2019/05/02,4,3023
2019/05/03,6,3029
2019/05/04,1,3030
2019/05/05,4,3034
2019/05/06,3,3037
2019/05/07,3,3040
2019/05/08,2,3042
2019/05/09,5,3047
2019/05/10,5,3052
2019/05/11,1,3053
2019/05/12,6,3059
2019/05/13,9,3068
2019/05/14,8,3076
2019/05/15,6,3082
2019/05/16,5,3087
2019/05/17,2,3089
2019/05/18,2,3091
2019/05/19,1,3092
2019/05/20,3,3095
2019/05/22,4,3099
2019/05/23,2,3101
2019/05/24,7,3108
2019/05/25,1,3109
2019/05/26,2,3111
2019/05/27,3,3114
2019/05/28,3,3117
2019/05/29,6,3123
2019/05/30,5,3128
2019/05/31,4,3132
2019/06/01,2,3134
2019/06/02,1,3135
2019/06/03,2,3137
2019/06/04,2,3139
2019/06/05,8,3147
2019/06/06,1,3148
2019/06/07,2,3150
2019/06/08,2,3152
2019/06/09,1,3153
2019/06/10,2,3155
2019/06/11,4,3159
2019/06/12,4,3163
2019/06/13,4,3167
2019/06/14,2,3169
2019/06/15,2,3171
2019/06/16,2,3173
2019/06/17,1,3174
2019/06/18,7,3181
2019/06/19,6,3187
2019/06/20,2,3189
2019/06/21,3,3192
2019/06/22,1,3193
2019/06/25,2,3195
2019/06/26,2,3197
2019/06/27,3,3200
2019/06/28,4,3204
2019/06/29,1,3205
2019/07/02,5,3210
2019/07/03,1,3211
2019/07/04,1,3212
2019/07/05,4,3216
2019/07/06,3,3219
2019/07/07,5,3224
2019/07/08,1,3225
2019/07/09,4,3229
2019/07/11,1,3230
2019/07/14,1,3231
2019/07/16,1,3232
2019/07/18,1,3233
2019/07/21,2,3235
2019/07/23,9,3244
2019/07/24,3,3247
2019/07/25,1,3248
2019/07/26,2,3250
2019/07/27,1,3251
2019/07/29,3,3254
2019/07/30,1,3255
2019/07/31,2,3257
2019/08/01,4,3261
2019/08/02,4,3265
2019/08/03,2,3267
2019/08/04,4,3271
2019/08/07,1,3272
2019/08/08,2,3274
2019/08/09,2,3276
2019/08/10,2,3278
2019/08/12,2,3280
2019/08/14,4,3284
2019/08/17,2,3286
2019/08/19,4,3290
2019/08/20,1,3291
2019/08/21,1,3292
2019/08/22,2,3294
2019/08/25,2,3296
2019/08/26,1,3297
2019/08/27,1,3298
2019/08/28,2,3300
2019/08/29,1,3301
2019/08/30,2,3303
2019/08/31,3,3306
2019/09/04,3,3309
2019/09/05,1,3310
2019/09/10,2,3312
2019/09/11,1,3313
2019/09/12,1,3314
2019/09/15,2,3316
2019/09/17,1,3317
2019/09/18,1,3318
2019/09/19,1,3319
2019/09/21,1,3320
2019/09/23,2,3322
2019/09/24,1,3323
2019/09/26,1,3324
2019/09/27,2,3326
2019/10/01,3,3329
2019/10/03,1,3330
2019/10/04,2,3332
2019/10/06,1,3333
2019/10/07,1,3334
2019/10/08,1,3335
2019/10/09,2,3337
2019/10/11,2,3339
2019/10/12,1,3340
2019/10/14,1,3341
2019/10/15,1,3342
2019/10/18,1,3343
2019/10/20,1,3344
2019/10/21,2,3346
2019/10/22,2,3348
2019/10/24,1,3349
2019/10/25,5,3354
2019/10/26,1,3355
2019/10/27,3,3358
2019/10/29,3,3361
2019/10/31,3,3364
2019/11/02,1,3365
2019/11/04,2,3367
2019/11/05,5,3372
2019/11/06,2,3374
2019/11/07,2,3376
2019/11/08,1,3377
2019/11/09,3,3380
2019/11/10,1,3381
2019/11/11,3,3384
2019/11/12,1,3385
2019/11/14,5,3390
2019/11/15,1,3391
2019/11/19,7,3398
2019/11/20,2,3400
2019/11/22,3,3403
2019/11/23,1,3404
2019/11/24,1,3405
2019/11/25,1,3406
2019/11/26,2,3408
2019/11/28,3,3411
2019/11/29,1,3412
2019/12/01,1,3413
2019/12/02,1,3414
2019/12/03,1,3415
2019/12/04,1,3416
2019/12/06,1,3417
2019/12/09,2,3419
2019/12/11,2,3421
2019/12/12,1,3422
2019/12/13,3,3425
2019/12/15,2,3427
2019/12/18,2,3429
2019/12/19,1,3430
2019/12/21,1,3431
2019/12/24,2,3433
2019/12/26,3,3436
2019/12/27,4,3440
2019/12/28,1,3441
2019/12/29,1,3442
2019/12/30,2,3444
2020/01/01,1,3445
2020/01/03,3,3448
2020/01/05,1,3449
2020/01/06,5,3454
2020/01/07,2,3456
2020/01/08,1,3457
2020/01/09,2,3459
2020/01/13,2,3461
2020/01/15,2,3463
2020/01/16,1,3464
2020/01/18,2,3466
2020/01/20,1,3467
2020/01/21,2,3469
2020/01/24,1,3470
2020/01/29,1,3471
2020/01/31,2,3473
2020/02/02,1,3474
2020/02/03,2,3476
2020/02/05,2,3478
2020/02/07,2,3480
2020/02/09,2,3482
2020/02/11,2,3484
2020/02/12,1,3485
2020/02/13,1,3486
2020/02/14,1,3487
2020/02/15,2,3489
2020/02/16,2,3491
2020/02/17,1,3492
2020/02/18,1,3493
2020/02/19,1,3494
2020/02/20,1,3495
2020/02/21,1,3496
2020/02/22,2,3498
2020/02/23,3,3501
2020/02/24,1,3502
2020/02/27,1,3503
2020/02/28,2,3505
2020/02/29,1,3506
2020/03/02,2,3508
2020/03/03,1,3509
2020/03/04,2,3511
2020/03/05,2,3513
2020/03/06,2,3515
2020/03/07,1,3516
2020/03/08,1,3517
2020/03/10,1,3518
2020/03/11,1,3519
2020/03/12,2,3521
2020/03/15,1,3522
2020/03/16,1,3523
2020/03/17,1,3524
2020/03/19,1,3525
2020/03/21,2,3527
2020/03/22,1,3528
2020/03/23,1,3529
2020/03/26,1,3530
2020/03/27,1,3531
2020/03/28,1,3532
2020/03/29,1,3533
2020/03/30,1,3534
2020/03/31,1,3535
2020/04/01,2,3537
2020/04/02,1,3538
2020/04/03,4,3542
2020/04/05,7,3549
2020/04/06,4,3553
2020/04/07,1,3554
2020/04/08,4,3558
2020/04/10,1,3559
2020/04/11,1,3560
2020/04/12,2,3562
2020/04/13,2,3564
2020/04/14,1,3565
2020/04/15,1,3566
2020/04/16,2,3568
2020/04/17,2,3570
2020/04/18,2,3572
2020/04/20,2,3574
2020/04/21,2,3576
2020/04/22,2,3578
2020/04/23,1,3579
2020/04/25,1,3580
2020/04/27,1,3581
2020/04/29,2,3583
2020/04/30,2,3585
2020/05/01,3,3588
2020/05/05,1,3589
2020/05/06,1,3590
2020/05/08,1,3591
2020/05/09,1,3592
2020/05/10,1,3593
2020/05/11,1,3594
2020/05/12,2,3596
2020/05/13,4,3600
2020/05/14,1,3601
2020/05/15,1,3602
2020/05/16,1,3603
2020/05/17,1,3604
2020/05/18,1,3605
2020/05/21,1,3606
2020/05/22,2,3608
2020/05/23,1,3609
2020/05/24,1,3610
2020/05/26,3,3613
2020/05/27,1,3614
2020/05/30,2,3616
2020/05/31,2,3618
2020/06/01,2,3620
2020/06/02,1,3621
2020/06/03,1,3622
2020/06/04,3,3625
2020/06/05,1,3626
2020/06/08,3,3629
2020/06/09,1,3630
2020/06/10,2,3632
2020/06/11,3,3635
2020/06/12,1,3636
2020/06/13,2,3638
2020/06/15,3,3641
2020/06/17,4,3645
2020/06/18,3,3648
2020/06/19,2,3650
2020/06/21,1,3651
2020/06/22,6,3657
2020/06/23,6,3663
2020/06/24,3,3666
2020/06/25,1,3667
2020/06/26,2,3669
2020/06/27,4,3673
2020/06/28,6,3679
2020/06/29,3,3682
2020/06/30,6,3688
2020/07/01,5,3693
2020/07/02,2,3695
2020/07/03,2,3697
2020/07/04,3,3700
2020/07/06,5,3705
2020/07/07,2,3707
2020/07/08,5,3712
2020/07/09,4,3716
2020/07/10,5,3721
2020/07/11,2,3723
2020/07/13,1,3724
2020/07/14,7,3731
2020/07/15,1,3732
2020/07/16,3,3735
2020/07/17,1,3736
2020/07/19,1,3737
2020/07/21,7,3744
2020/07/22,4,3748
2020/07/23,6,3754
2020/07/24,3,3757
2020/07/25,2,3759
2020/07/26,1,3760
2020/07/27,2,3762
2020/07/28,3,3765
2020/07/29,4,3769
2020/07/30,3,3772
2020/07/31,3,3775
2020/08/01,2,3777
2020/08/02,3,3780
2020/08/03,1,3781
2020/08/05,3,3784
2020/08/06,2,3786
2020/08/08,1,3787
2020/08/09,1,3788
2020/08/10,1,3789
2020/08/11,4,3793
2020/08/12,2,3795
2020/08/13,3,3798
2020/08/14,4,3802
2020/08/15,2,3804
2020/08/16,1,3805
2020/08/17,2,3807
2020/08/18,1,3808
2020/08/19,2,3810
2020/08/20,2,3812
2020/08/21,1,3813
2020/08/23,2,3815
2020/08/24,1,3816
2020/08/25,1,3817
2020/08/26,2,3819
2020/08/27,1,3820
2020/08/28,3,3823
2020/08/29,3,3826
2020/08/30,2,3828
2020/08/31,2,3830
2020/09/01,1,3831
2020/09/02,4,3835
2020/09/03,3,3838
2020/09/04,1,3839
2020/09/05,2,3841
2020/09/07,2,3843
2020/09/08,5,3848
2020/09/09,2,3850
2020/09/10,1,3851
2020/09/11,3,3854
2020/09/12,1,3855
2020/09/14,2,3857
2020/09/15,3,3860
2020/09/16,3,3863
2020/09/17,3,3866
2020/09/18,1,3867
2020/09/19,1,3868
2020/09/20,4,3872
2020/09/21,2,3874
2020/09/22,1,3875
2020/09/24,5,3880
2020/09/25,2,3882
2020/09/27,3,3885
2020/09/28,4,3889
2020/09/29,3,3892
2020/10/01,2,3894
2020/10/02,3,3897
2020/10/05,2,3899
2020/10/06,1,3900
2020/10/07,1,3901
2020/10/08,2,3903
2020/10/09,1,3904
2020/10/10,3,3907
2020/10/11,4,3911
2020/10/12,4,3915
2020/10/13,1,3916
2020/10/14,1,3917
2020/10/16,3,3920
2020/10/17,2,3922
2020/10/18,3,3925
2020/10/19,1,3926
2020/10/20,2,3928
2020/10/21,2,3930
2020/10/22,6,3936
2020/10/23,2,3938
2020/10/24,1,3939
2020/10/25,5,3944
2020/10/26,1,3945
2020/10/27,4,3949
2020/10/28,3,3952
2020/10/29,3,3955
2020/10/30,4,3959
2020/10/31,3,3962
2020/11/01,1,3963
2020/11/02,8,3971
2020/11/03,1,3972
2020/11/04,4,3976
2020/11/05,3,3979
2020/11/06,3,3982
2020/11/07,2,3984
2020/11/08,1,3985
2020/11/09,3,3988
2020/11/10,3,3991
2020/11/11,1,3992
2020/11/12,4,3996
2020/11/14,1,3997
2020/11/15,2,3999
2020/11/16,2,4001
2020/11/17,3,4004
2020/11/18,1,4005
2020/11/19,2,4007
2020/11/20,2,4009
2020/11/21,1,4010
2020/11/23,3,4013
2020/11/24,3,4016
2020/11/25,2,4018
2020/11/26,3,4021
2020/11/27,5,4026
2020/11/28,1,4027
2020/12/01,3,4030
2020/12/02,2,4032
2020/12/03,2,4034
2020/12/04,2,4036
2020/12/05,4,4040
2020/12/07,1,4041
2020/12/09,1,4042
2020/12/11,4,4046
2020/12/12,2,4048
2020/12/13,2,4050
2020/12/14,3,4053
2020/12/15,9,4062
2020/12/16,3,4065
2020/12/18,3,4068
2020/12/19,3,4071
2020/12/21,2,4073
2020/12/22,1,4074
2020/12/23,4,4078
2020/12/24,2,4080
2020/12/25,2,4082
2020/12/27,1,4083
2020/12/29,1,4084
2020/12/31,1,4085
2021/01/02,1,4086
2021/01/03,2,4088
2021/01/04,4,4092
2021/01/05,3,4095
2021/01/06,1,4096
2021/01/07,1,4097
2021/01/08,3,4100
2021/01/09,3,4103
2021/01/10,1,4104
2021/01/11,4,4108
2021/01/12,4,4112
2021/01/13,7,4119
2021/01/14,4,4123
2021/01/15,8,4131
2021/01/16,2,4133
2021/01/17,2,4135
2021/01/18,2,4137
2021/01/20,2,4139
2021/01/21,3,4142
2021/01/22,1,4143
2021/01/23,2,4145
2021/01/24,3,4148
2021/01/25,3,4151
2021/01/26,5,4156
2021/01/27,4,4160
2021/01/28,4,4164
2021/01/29,1,4165
2021/01/31,2,4167
2021/02/01,1,4168
2021/02/04,6,4174
2021/02/05,1,4175
2021/02/06,1,4176
2021/02/08,2,4178
2021/02/09,1,4179
2021/02/10,4,4183
2021/02/11,1,4184
2021/02/13,2,4186
2021/02/15,2,4188
2021/02/16,3,4191
2021/02/17,1,4192
2021/02/18,4,4196
2021/02/19,2,4198
2021/02/20,2,4200
2021/02/21,4,4204
2021/02/22,1,4205
2021/02/23,6,4211
2021/02/24,2,4213
2021/02/25,3,4216
2021/02/26,4,4220
2021/02/27,4,4224
2021/03/01,3,4227
2021/03/02,3,4230
2021/03/03,3,4233
2021/03/05,2,4235
2021/03/06,1,4236
2021/03/07,1,4237
2021/03/08,4,4241
2021/03/09,4,4245
2021/03/10,1,4246
2021/03/11,1,4247
2021/03/12,3,4250
2021/03/13,2,4252
2021/03/15,4,4256
2021/03/16,2,4258
2021/03/17,2,4260
2021/03/18,1,4261
2021/03/19,1,4262
2021/03/20,2,4264
2021/03/22,6,4270
2021/03/23,2,4272
2021/03/24,2,4274
2021/03/25,2,4276
2021/03/27,3,4279
2021/03/28,3,4282
2021/03/30,4,4286
2021/03/31,4,4290
2021/04/01,3,4293
2021/04/02,2,4295
2021/04/03,2,4297
2021/04/04,3,4300
2021/04/06,3,4303
2021/04/08,2,4305
2021/04/09,3,4308
2021/04/10,1,4309
2021/04/11,5,4314
2021/04/12,1,4315
2021/04/13,4,4319
2021/04/14,1,4320
2021/04/15,2,4322
2021/04/16,2,4324
2021/04/17,1,4325
2021/04/19,4,4329
2021/04/20,1,4330
2021/04/21,2,4332
2021/04/22,1,4333
2021/04/23,2,4335
2021/04/24,2,4337
2021/04/25,3,4340
2021/04/26,7,4347
2021/04/27,1,4348
2021/04/28,4,4352
2021/04/29,5,4357
2021/04/30,3,4360
2021/05/01,1,4361
2021/05/02,2,4363
2021/05/03,1,4364
2021/05/04,2,4366
2021/05/05,3,4369
2021/05/06,3,4372
2021/05/07,1,4373
2021/05/08,2,4375
2021/05/09,1,4376
2021/05/10,2,4378
2021/05/11,3,4381
2021/05/12,6,4387
2021/05/13,5,4392
2021/05/14,1,4393
2021/05/18,3,4396
2021/05/19,1,4397
2021/05/20,1,4398
2021/05/21,1,4399
2021/05/23,1,4400
2021/05/24,3,4403
2021/05/25,6,4409
2021/05/26,1,4410
2021/05/27,2,4412
2021/05/28,2,4414
2021/05/31,5,4419
2021/06/01,4,4423
2021/06/02,3,4426
2021/06/03,1,4427
2021/06/04,1,4428
2021/06/06,1,4429
2021/06/07,1,4430
2021/06/08,2,4432
2021/06/09,1,4433
2021/06/10,1,4434
2021/06/11,1,4435
2021/06/12,2,4437
2021/06/15,5,4442
2021/06/16,4,4446
2021/06/17,1,4447
2021/06/18,3,4450
2021/06/19,1,4451
2021/06/20,1,4452
2021/06/21,1,4453
2021/06/22,1,4454
2021/06/23,1,4455
2021/06/24,1,4456
2021/06/25,1,4457
2021/06/26,1,4458
2021/06/28,5,4463
2021/06/30,4,4467
2021/07/01,2,4469
2021/07/02,3,4472
2021/07/03,2,4474
2021/07/04,1,4475
2021/07/05,4,4479
2021/07/06,2,4481
2021/07/07,1,4482
2021/07/08,3,4485
2021/07/09,3,4488
2021/07/11,1,4489
2021/07/12,4,4493
2021/07/13,2,4495
2021/07/14,2,4497
2021/07/15,3,4500
2021/07/16,7,4507
2021/07/18,1,4508
2021/07/19,1,4509
2021/07/20,2,4511
2021/07/21,3,4514
2021/07/22,4,4518
2021/07/23,5,4523
2021/07/24,3,4526
2021/07/26,3,4529
2021/07/27,5,4534
2021/07/28,3,4537
2021/07/29,4,4541
2021/07/30,2,4543
2021/07/31,2,4545
2021/08/02,3,4548
2021/08/03,2,4550
2021/08/04,5,4555
2021/08/05,7,4562
2021/08/06,1,4563
2021/08/07,2,4565
2021/08/09,2,4567
2021/08/10,3,4570
2021/08/11,3,4573
2021/08/12,3,4576
2021/08/13,3,4579
2021/08/15,1,4580
2021/08/16,5,4585
2021/08/17,1,4586
2021/08/18,3,4589
2021/08/19,1,4590
2021/08/20,1,4591
2021/08/21,2,4593
2021/08/22,3,4596
2021/08/23,1,4597
2021/08/24,6,4603
2021/08/26,4,4607
2021/08/27,2,4609
2021/08/28,3,4612
2021/08/29,1,4613
2021/08/31,4,4617
2021/09/01,6,4623
2021/09/02,2,4625
2021/09/03,1,4626
2021/09/04,1,4627
2021/09/05,4,4631
2021/09/06,4,4635
2021/09/07,2,4637
2021/09/08,3,4640
2021/09/09,1,4641
2021/09/10,3,4644
2021/09/12,1,4645
2021/09/13,3,4648
2021/09/14,2,4650
2021/09/15,6,4656
2021/09/16,3,4659
2021/09/18,1,4660
2021/09/20,2,4662
2021/09/22,6,4668
2021/09/23,4,4672
2021/09/24,9,4681
2021/09/26,1,4682
2021/09/28,3,4685
2021/09/29,4,4689
2021/09/30,2,4691
2021/10/01,5,4696
2021/10/02,2,4698
2021/10/03,1,4699
2021/10/04,1,4700
2021/10/06,3,4703
2021/10/07,2,4705
2021/10/08,6,4711
2021/10/09,1,4712
2021/10/10,2,4714
2021/10/11,1,4715
2021/10/12,3,4718
2021/10/13,1,4719
2021/10/14,2,4721
2021/10/15,1,4722
2021/10/16,1,4723
2021/10/17,1,4724
2021/10/18,4,4728
2021/10/19,1,4729
2021/10/20,3,4732
2021/10/21,1,4733
2021/10/22,3,4736
2021/10/24,2,4738
2021/10/26,1,4739
2021/10/27,2,4741
2021/10/28,6,4747
2021/10/29,2,4749
2021/10/30,2,4751
2021/11/01,3,4754
2021/11/02,3,4757
2021/11/03,1,4758
2021/11/04,2,4760
2021/11/05,3,4763
2021/11/06,3,4766
2021/11/07,1,4767
2021/11/08,6,4773
2021/11/09,2,4775
2021/11/10,3,4778
2021/11/11,2,4780
2021/11/12,1,4781
2021/11/15,1,4782
2021/11/16,1,4783
2021/11/18,2,4785
2021/11/19,1,4786
2021/11/21,2,4788
2021/11/23,1,4789
2021/11/24,1,4790
2021/11/25,5,4795
2021/11/26,1,4796
2021/11/27,2,4798
2021/11/28,1,4799
2021/11/29,6,4805
2021/11/30,2,4807
2021/12/01,1,4808
2021/12/02,1,4809
2021/12/05,1,4810
2021/12/06,2,4812
2021/12/07,3,4815
2021/12/09,1,4816
2021/12/10,4,4820
2021/12/11,1,4821
2021/12/12,1,4822
2021/12/13,7,4829
2021/12/14,2,4831
2021/12/15,1,4832
2021/12/16,3,4835
2021/12/17,5,4840
2021/12/18,1,4841
2021/12/19,1,4842
2021/12/20,3,4845
2021/12/21,4,4849
2021/12/22,3,4852
2021/12/23,1,4853
2021/12/27,4,4857
2021/12/28,2,4859
2021/12/29,3,4862
2021/12/30,2,4864
2021/12/31,1,4865
2022/01/01,2,4867
2022/01/02,1,4868
2022/01/03,1,4869
2022/01/04,3,4872
2022/01/05,6,4878
2022/01/06,4,4882
2022/01/07,2,4884
2022/01/08,1,4885
2022/01/09,1,4886
2022/01/10,4,4890
2022/01/11,2,4892
2022/01/12,2,4894
2022/01/13,3,4897
2022/01/14,1,4898
2022/01/15,2,4900
2022/01/16,3,4903
2022/01/17,5,4908
2022/01/18,10,4918
2022/01/19,3,4921
2022/01/21,2,4923
2022/01/22,1,4924
2022/01/23,2,4926
2022/01/24,1,4927
2022/01/25,2,4929
2022/01/26,3,4932
2022/01/27,3,4935
2022/01/28,1,4936
2022/01/29,1,4937
2022/01/31,1,4938
2022/02/02,3,4941
2022/02/04,1,4942
2022/02/05,2,4944
2022/02/07,4,4948
2022/02/08,1,4949
2022/02/09,2,4951
2022/02/10,1,4952
2022/02/11,1,4953
2022/02/13,3,4956
2022/02/14,1,4957
2022/02/15,1,4958
2022/02/16,4,4962
2022/02/17,4,4966
2022/02/18,2,4968
2022/02/19,1,4969
2022/02/20,1,4970
2022/02/21,5,4975
2022/02/22,5,4980
2022/02/23,1,4981
2022/02/24,2,4983
2022/02/25,4,4987
2022/02/26,2,4989
2022/02/28,3,4992
2022/03/01,21,5013
2022/03/02,2,5015
2022/03/03,5,5020
2022/03/04,2,5022
2022/03/05,2,5024
2022/03/06,3,5027
2022/03/07,9,5036
2022/03/08,3,5039
2022/03/09,5,5044
2022/03/10,3,5047
2022/03/11,2,5049
2022/03/12,2,5051
2022/03/13,1,5052
2022/03/14,4,5056
2022/03/15,1,5057
2022/03/16,3,5060
2022/03/17,3,5063
2022/03/18,2,5065
2022/03/19,1,5066
2022/03/20,1,5067
2022/03/21,3,5070
2022/03/22,3,5073
2022/03/23,5,5078
2022/03/24,4,5082
2022/03/25,2,5084
2022/03/26,2,5086
2022/03/27,2,5088
2022/03/28,5,5093
2022/03/29,1,5094
2022/03/30,2,5096
2022/03/31,3,5099
2022/04/01,5,5104
2022/04/03,3,5107
2022/04/04,1,5108
2022/04/05,2,5110
2022/04/06,9,5119
2022/04/07,2,5121
2022/04/08,2,5123
2022/04/10,2,5125
2022/04/11,2,5127
2022/04/12,6,5133
2022/04/13,4,5137
2022/04/14,2,5139
2022/04/15,3,5142
2022/04/16,1,5143
2022/04/17,1,5144
2022/04/18,3,5147
2022/04/19,3,5150
2022/04/20,3,5153
2022/04/21,5,5158
2022/04/22,2,5160
2022/04/23,1,5161
2022/04/24,4,5165
2022/04/25,5,5170
2022/04/26,4,5174
2022/04/27,1,5175
2022/04/29,2,5177
2022/04/30,1,5178
2022/05/01,3,5181
2022/05/02,1,5182
2022/05/03,2,5184
2022/05/04,2,5186
2022/05/05,2,5188
2022/05/06,3,5191
2022/05/07,5,5196
2022/05/08,3,5199
2022/05/09,6,5205
2022/05/10,1,5206
2022/05/11,4,5210
2022/05/12,3,5213
2022/05/13,42,5255
2022/05/14,4,5259
2022/05/15,8,5267
2022/05/16,24,5291
2022/05/17,4,5295
2022/05/18,7,5302
2022/05/19,1,5303
2022/05/20,2,5305
2022/05/21,2,5307
2022/05/22,3,5310
2022/05/23,3,5313
2022/05/24,5,5318
2022/05/25,6,5324
2022/05/27,2,5326
2022/05/28,2,5328
2022/05/29,1,5329
2022/05/30,3,5332
2022/05/31,4,5336
2022/06/01,1,5337
2022/06/02,1,5338
2022/06/05,1,5339
2022/06/06,2,5341
2022/06/07,2,5343
2022/06/08,4,5347
2022/06/09,5,5352
2022/06/10,2,5354
2022/06/11,1,5355
2022/06/12,1,5356
2022/06/13,4,5360
2022/06/14,1,5361
2022/06/15,4,5365
2022/06/16,1,5366
2022/06/17,1,5367
2022/06/19,1,5368
2022/06/20,1,5369
2022/06/21,1,5370
2022/06/23,3,5373
2022/06/24,4,5377
2022/06/25,5,5382
2022/06/26,6,5388
2022/06/27,69,5457
2022/06/28,32,5489
2022/06/29,11,5500
2022/06/30,9,5509
2022/07/01,5,5514
2022/07/02,17,5531
2022/07/03,7,5538
2022/07/04,9,5547
2022/07/05,10,5557
2022/07/06,10,5567
2022/07/07,17,5584
2022/07/08,9,5593
2022/07/09,7,5600
2022/07/10,1,5601
2022/07/11,5,5606
2022/07/13,5,5611
2022/07/14,4,5615
2022/07/15,4,5619
2022/07/16,4,5623
2022/07/17,2,5625
2022/07/18,7,5632
2022/07/19,14,5646
2022/07/20,16,5662
2022/07/21,20,5682
2022/07/22,139,5821
2022/07/23,19,5840
2022/07/24,8,5848
2022/07/25,5,5853
2022/07/26,6,5859
2022/07/27,7,5866
2022/07/28,15,5881
2022/07/29,12,5893
2022/07/30,10,5903
2022/07/31,10,5913
2022/08/01,20,5933
2022/08/02,23,5956
2022/08/03,19,5975
2022/08/04,9,5984
2022/08/05,9,5993
2022/08/06,9,6002
2022/08/07,8,6010
2022/08/08,8,6018
2022/08/09,4,6022
2022/08/10,8,6030
2022/08/11,6,6036
2022/08/12,5,6041
2022/08/13,4,6045
2022/08/14,5,6050
2022/08/15,4,6054
2022/08/16,8,6062
2022/08/17,6,6068
2022/08/18,4,6072
2022/08/19,2,6074
2022/08/20,2,6076
2022/08/21,5,6081
2022/08/22,4,6085
2022/08/23,3,6088
2022/08/24,1,6089
2022/08/25,5,6094
2022/08/26,3,6097
2022/08/27,3,6100
2022/08/28,6,6106
2022/08/29,6,6112
2022/08/30,2,6114
2022/08/31,3,6117
2022/09/01,6,6123
2022/09/02,4,6127
2022/09/03,3,6130
2022/09/04,2,6132
2022/09/05,4,6136
2022/09/06,8,6144
2022/09/07,6,6150
2022/09/08,3,6153
2022/09/09,8,6161
2022/09/10,3,6164
2022/09/11,2,6166
2022/09/12,1,6167
2022/09/13,7,6174
2022/09/14,5,6179
2022/09/15,1,6180
2022/09/16,6,6186
2022/09/17,2,6188
2022/09/18,3,6191
2022/09/19,3,6194
2022/09/20,5,6199
2022/09/21,4,6203
2022/09/22,1,6204
2022/09/23,3,6207
2022/09/24,4,6211
2022/09/25,2,6213
2022/09/26,6,6219
2022/09/27,6,6225
2022/09/28,3,6228
2022/09/29,3,6231
2022/09/30,5,6236
2022/10/01,1,6237
2022/10/02,2,6239
2022/10/03,2,6241
2022/10/04,1,6242
2022/10/05,2,6244
2022/10/06,6,6250
2022/10/08,2,6252
2022/10/09,2,6254
2022/10/10,4,6258
2022/10/11,3,6261
2022/10/12,7,6268
2022/10/13,5,6273
2022/10/14,7,6280
2022/10/15,4,6284
2022/10/16,5,6289
2022/10/17,1,6290
2022/10/18,3,6293
2022/10/19,6,6299
2022/10/20,3,6302
2022/10/21,5,6307
2022/10/22,3,6310
2022/10/23,2,6312
2022/10/24,2,6314
2022/10/25,10,6324
2022/10/26,4,6328
2022/10/27,3,6331
2022/10/28,3,6334
2022/10/29,4,6338
2022/10/30,4,6342
2022/10/31,4,6346
2022/11/01,7,6353
2022/11/02,3,6356
2022/11/04,5,6361
2022/11/05,2,6363
2022/11/06,3,6366
2022/11/07,4,6370
2022/11/08,3,6373
2022/11/10,3,6376
2022/11/11,1,6377
2022/11/12,2,6379
2022/11/13,3,6382
2022/11/14,3,6385
2022/11/15,5,6390
2022/11/16,4,6394
2022/11/17,3,6397
2022/11/18,6,6403
2022/11/19,3,6406
2022/11/20,3,6409
2022/11/21,2,6411
2022/11/22,2,6413
2022/11/23,5,6418
2022/11/24,4,6422
2022/11/25,2,6424
2022/11/26,1,6425
2022/11/27,2,6427
2022/11/28,2,6429
2022/11/29,4,6433
2022/11/30,2,6435
2022/12/01,1,6436
2022/12/02,5,6441
2022/12/04,4,6445
2022/12/05,1,6446
2022/12/06,4,6450
2022/12/07,5,6455
2022/12/08,2,6457
2022/12/10,3,6460
2022/12/11,2,6462
2022/12/12,3,6465
2022/12/13,6,6471
2022/12/14,3,6474
2022/12/15,4,6478
2022/12/16,1,6479
2022/12/17,2,6481
2022/12/18,1,6482
2022/12/19,1,6483
2022/12/20,3,6486
2022/12/21,4,6490
2022/12/22,2,6492
2022/12/23,2,6494
2022/12/24,3,6497
2022/12/25,1,6498
2022/12/26,2,6500
2022/12/27,2,6502
2022/12/28,2,6504
2022/12/29,2,6506
2022/12/30,4,6510
2022/12/31,7,6517
2023/01/01,1,6518
2023/01/02,4,6522
2023/01/03,7,6529
2023/01/04,3,6532
2023/01/06,8,6540
2023/01/07,3,6543
2023/01/08,5,6548
2023/01/09,7,6555
2023/01/10,3,6558
2023/01/11,6,6564
2023/01/12,2,6566
2023/01/13,4,6570
2023/01/14,5,6575
2023/01/15,1,6576
2023/01/16,1,6577
2023/01/18,1,6578
2023/01/19,1,6579
2023/01/20,2,6581
2023/01/21,1,6582
2023/01/22,1,6583
2023/01/23,1,6584
2023/01/24,1,6585
2023/01/25,1,6586
2023/01/28,3,6589
2023/01/29,5,6594
2023/01/30,4,6598
2023/01/31,4,6602
2023/02/01,6,6608
2023/02/02,2,6610
2023/02/03,2,6612
2023/02/04,2,6614
2023/02/05,2,6616
2023/02/06,2,6618
2023/02/07,1,6619
2023/02/08,4,6623
2023/02/09,3,6626
2023/02/10,5,6631
2023/02/12,7,6638
2023/02/13,7,6645
2023/02/14,4,6649
2023/02/15,3,6652
2023/02/16,2,6654
2023/02/17,1,6655
2023/02/18,4,6659
2023/02/19,3,6662
2023/02/20,3,6665
2023/02/21,2,6667
2023/02/22,2,6669
2023/02/23,4,6673
2023/02/24,4,6677
2023/02/26,2,6679
2023/02/27,3,6682
2023/02/28,4,6686
2023/03/01,3,6689
2023/03/02,4,6693
2023/03/03,6,6699
2023/03/04,2,6701
2023/03/05,1,6702
2023/03/06,4,6706
2023/03/07,5,6711
2023/03/08,1,6712
2023/03/09,6,6718
2023/03/10,3,6721
2023/03/11,2,6723
2023/03/12,2,6725
2023/03/13,3,6728
2023/03/14,8,6736
2023/03/15,5,6741
2023/03/16,7,6748
2023/03/17,2,6750
2023/03/18,2,6752
2023/03/19,2,6754
2023/03/20,4,6758
2023/03/21,3,6761
2023/03/22,2,6763
2023/03/23,3,6766
2023/03/24,4,6770
2023/03/25,2,6772
2023/03/26,4,6776
2023/03/27,2,6778
2023/03/28,4,6782
2023/03/29,4,6786
2023/03/30,4,6790
2023/03/31,4,6794
2023/04/01,5,6799
2023/04/02,2,6801
2023/04/03,9,6810
2023/04/04,4,6814
2023/04/05,1,6815
2023/04/06,7,6822
2023/04/07,3,6825
2023/04/08,2,6827
2023/04/10,2,6829
2023/04/11,4,6833
2023/04/12,5,6838
2023/04/13,7,6845
2023/04/14,5,6850
2023/04/15,3,6853
2023/04/16,5,6858
2023/04/17,9,6867
2023/04/18,6,6873
2023/04/19,6,6879
2023/04/20,4,6883
2023/04/21,4,6887
2023/04/22,2,6889
2023/04/23,3,6892
2023/04/24,2,6894
2023/04/25,4,6898
2023/04/26,7,6905
2023/04/27,5,6910
2023/04/28,4,6914
2023/04/29,3,6917
2023/04/30,3,6920
2023/05/01,2,6922
2023/05/02,1,6923
2023/05/03,3,6926
2023/05/04,6,6932
2023/05/05,5,6937
2023/05/06,4,6941
2023/05/07,2,6943
2023/05/08,3,6946
2023/05/09,5,6951
2023/05/10,3,6954
2023/05/11,7,6961
2023/05/12,2,6963
2023/05/13,1,6964
2023/05/14,4,6968
2023/05/15,2,6970
2023/05/16,5,6975
2023/05/17,7,6982
2023/05/18,3,6985
2023/05/19,1,6986
2023/05/20,2,6988
2023/05/22,3,6991
2023/05/23,2,6993
2023/05/24,3,6996
2023/05/25,3,6999
2023/05/26,2,7001
2023/05/27,3,7004
2023/05/28,4,7008
2023/05/29,6,7014
2023/05/30,2,7016
2023/05/31,6,7022
2023/06/01,2,7024
2023/06/02,4,7028
2023/06/03,1,7029
2023/06/04,2,7031
2023/06/06,5,7036
2023/06/07,5,7041
2023/06/08,10,7051
2023/06/09,3,7054
2023/06/10,4,7058
2023/06/11,2,7060
2023/06/12,5,7065
2023/06/13,5,7070
2023/06/14,5,7075
2023/06/15,2,7077
2023/06/16,3,7080
2023/06/17,4,7084
2023/06/18,3,7087
2023/06/19,5,7092
2023/06/20,3,7095
2023/06/21,3,7098
2023/06/22,5,7103
2023/06/23,2,7105
2023/06/24,2,7107
2023/06/25,2,7109
2023/06/26,4,7113
2023/06/27,3,7116
2023/06/28,3,7119
2023/06/29,7,7126
2023/06/30,10,7136
2023/07/01,3,7139
2023/07/02,1,7140
2023/07/03,1,7141
2023/07/04,4,7145
2023/07/05,4,7149
2023/07/06,6,7155
2023/07/08,1,7156
2023/07/09,1,7157
2023/07/10,2,7159
2023/07/11,3,7162
2023/07/12,2,7164
2023/07/13,3,7167
2023/07/14,6,7173
2023/07/15,2,7175
2023/07/16,4,7179
2023/07/17,5,7184
2023/07/18,6,7190
2023/07/19,2,7192
2023/07/20,6,7198
2023/07/21,2,7200
2023/07/22,3,7203
2023/07/23,2,7205
2023/07/24,5,7210
2023/07/25,3,7213
2023/07/26,4,7217
2023/07/27,2,7219
2023/07/28,4,7223
2023/07/29,2,7225
2023/07/30,1,7226
2023/07/31,4,7230
2023/08/01,10,7240
2023/08/02,12,7252
2023/08/03,6,7258
2023/08/04,3,7261
2023/08/05,2,7263
2023/08/06,3,7266
2023/08/07,3,7269
2023/08/08,5,7274
2023/08/09,3,7277
2023/08/10,2,7279
2023/08/11,6,7285
2023/08/14,2,7287
2023/08/15,1,7288
2023/08/16,3,7291
2023/08/17,12,7303
2023/08/18,3,7306
2023/08/19,4,7310
2023/08/20,2,7312
2023/08/21,3,7315
2023/08/22,4,7319
2023/08/23,3,7322
2023/08/24,3,7325
2023/08/25,4,7329
2023/08/26,1,7330
2023/08/27,2,7332
2023/08/28,4,7336
2023/08/29,2,7338
2023/08/30,3,7341
2023/08/31,3,7344
2023/09/01,5,7349
2023/09/02,1,7350
2023/09/03,2,7352
2023/09/04,1,7353
2023/09/05,2,7355
2023/09/06,3,7358
2023/09/07,5,7363
2023/09/08,4,7367
2023/09/09,1,7368
2023/09/10,4,7372
2023/09/11,10,7382
2023/09/12,6,7388
2023/09/13,1,7389
2023/09/14,6,7395
2023/09/15,4,7399
2023/09/16,2,7401
2023/09/17,2,7403
2023/09/18,5,7408
2023/09/19,4,7412
2023/09/20,6,7418
2023/09/21,3,7421
2023/09/22,2,7423
2023/09/23,1,7424
2023/09/24,2,7426
2023/09/25,4,7430
2023/09/26,4,7434
2023/09/27,2,7436
2023/09/28,2,7438
2023/09/29,1,7439
2023/10/01,2,7441
2023/10/02,1,7442
2023/10/03,2,7444
2023/10/04,4,7448
2023/10/05,3,7451
2023/10/06,5,7456
2023/10/07,5,7461
2023/10/08,5,7466
2023/10/09,2,7468
2023/10/10,7,7475
2023/10/11,2,7477
2023/10/12,6,7483
2023/10/13,3,7486
2023/10/14,2,7488
2023/10/15,2,7490
2023/10/16,31,7521
2023/10/17,23,7544
2023/10/18,9,7553
2023/10/19,1,7554
2023/10/20,12,7566
2023/10/21,10,7576
2023/10/22,6,7582
2023/10/23,5,7587
2023/10/24,3,7590
2023/10/25,13,7603
2023/10/26,3,7606
2023/10/27,1,7607
2023/10/28,2,7609
2023/10/29,3,7612
2023/10/30,5,7617
2023/10/31,9,7626
2023/11/01,4,7630
2023/11/02,4,7634
2023/11/03,5,7639
2023/11/04,4,7643
2023/11/05,1,7644
2023/11/06,4,7648
2023/11/07,4,7652
2023/11/08,3,7655
2023/11/09,2,7657
2023/11/10,4,7661
2023/11/12,5,7666
2023/11/13,1,7667
2023/11/14,7,7674
2023/11/15,4,7678
2023/11/16,2,7680
2023/11/17,5,7685
2023/11/18,3,7688
2023/11/20,2,7690
2023/11/21,4,7694
2023/11/22,3,7697
2023/11/23,4,7701
2023/11/24,7,7708
2023/11/25,1,7709
2023/11/26,2,7711
2023/11/27,3,7714
2023/11/28,7,7721
2023/11/29,5,7726
2023/11/30,6,7732
2023/12/01,37,7769
2023/12/02,32,7801
2023/12/03,22,7823
2023/12/04,25,7848
2023/12/05,7,7855
2023/12/06,14,7869
2023/12/07,6,7875
2023/12/08,12,7887
2023/12/09,5,7892
2023/12/10,5,7897
2023/12/11,2,7899
2023/12/12,5,7904
2023/12/13,11,7915
2023/12/14,5,7920
2023/12/15,4,7924
2023/12/16,3,7927
2023/12/17,6,7933
2023/12/18,6,7939
2023/12/19,2,7941
2023/12/20,6,7947
2023/12/21,8,7955
2023/12/22,3,7958
2023/12/23,4,7962
2023/12/24,3,7965
2023/12/25,13,7978
2023/12/26,11,7989
2023/12/27,10,7999
2023/12/28,4,8003
2023/12/29,3,8006
2023/12/30,4,8010
2023/12/31,1,8011
2024/01/01,1,8012
2024/01/02,4,8016
2024/01/03,9,8025
2024/01/04,12,8037
2024/01/05,4,8041
2024/01/06,5,8046
2024/01/07,4,8050
2024/01/08,5,8055
2024/01/09,9,8064
2024/01/10,7,8071
2024/01/11,5,8076
2024/01/12,4,8080
2024/01/13,5,8085
2024/01/14,3,8088
2024/01/15,9,8097
2024/01/16,7,8104
2024/01/17,8,8112
2024/01/18,11,8123
2024/01/19,4,8127
2024/01/20,1,8128
2024/01/21,4,8132
2024/01/22,5,8137
2024/01/23,7,8144
2024/01/24,4,8148
2024/01/25,2,8150
2024/01/26,3,8153
2024/01/27,2,8155
2024/01/28,1,8156
2024/01/29,6,8162
2024/01/30,4,8166
2024/01/31,5,8171
2024/02/01,3,8174
2024/02/02,5,8179
2024/02/03,1,8180
2024/02/04,3,8183
2024/02/05,3,8186
2024/02/06,1,8187
2024/02/07,3,8190
2024/02/08,3,8193
2024/02/09,3,8196
2024/02/10,1,8197
2024/02/11,2,8199
2024/02/12,4,8203
2024/02/13,4,8207
2024/02/14,4,8211
2024/02/15,2,8213
2024/02/17,4,8217
2024/02/18,3,8220
2024/02/19,5,8225
2024/02/20,4,8229
2024/02/21,4,8233
2024/02/22,1,8234
2024/02/23,3,8237
2024/02/24,5,8242
2024/02/25,4,8246
2024/02/26,3,8249
2024/02/27,6,8255
2024/02/28,59,8314
2024/02/29,7,8321
2024/03/01,5,8326
2024/03/02,8,8334
2024/03/03,5,8339
2024/03/04,5,8344
2024/03/05,4,8348
2024/03/06,5,8353
2024/03/07,5,8358
2024/03/08,4,8362
2024/03/09,2,8364
2024/03/10,2,8366
2024/03/11,1,8367
2024/03/12,5,8372
2024/03/13,3,8375
2024/03/14,3,8378
2024/03/15,1,8379
2024/03/16,6,8385
2024/03/18,8,8393
2024/03/19,5,8398
2024/03/20,6,8404
2024/03/21,2,8406
2024/03/22,4,8410
2024/03/23,3,8413
2024/03/24,4,8417
2024/03/25,4,8421
2024/03/26,6,8427
2024/03/27,2,8429
2024/03/28,8,8437
2024/03/29,5,8442
2024/03/30,2,8444
2024/03/31,3,8447
2024/04/01,4,8451
2024/04/02,8,8459
2024/04/03,3,8462
2024/04/04,7,8469
2024/04/05,14,8483
2024/04/06,2,8485
2024/04/07,2,8487
2024/04/08,6,8493
2024/04/09,5,8498
2024/04/10,4,8502
2024/04/11,4,8506
2024/04/12,8,8514
2024/04/13,2,8516
2024/04/14,12,8528
2024/04/15,11,8539
2024/04/16,7,8546
2024/04/17,3,8549
2024/04/18,10,8559
2024/04/19,8,8567
2024/04/20,5,8572
2024/04/21,2,8574
2024/04/22,6,8580
2024/04/23,8,8588
2024/04/24,6,8594
2024/04/25,6,8600
2024/04/26,6,8606
2024/04/27,3,8609
2024/04/29,9,8618
2024/04/30,3,8621
2024/05/01,6,8627
2024/05/02,9,8636
2024/05/03,4,8640
2024/05/04,1,8641
2024/05/05,1,8642
2024/05/06,2,8644
2024/05/07,6,8650
2024/05/08,9,8659
2024/05/09,5,8664
2024/05/10,2,8666
2024/05/11,2,8668
2024/05/12,2,8670
2024/05/13,5,8675
2024/05/15,6,8681
2024/05/16,3,8684
2024/05/17,6,8690
2024/05/18,4,8694
2024/05/19,1,8695
2024/05/20,4,8699
2024/05/21,2,8701
2024/05/22,7,8708
2024/05/23,3,8711
2024/05/24,7,8718
2024/05/25,5,8723
2024/05/26,3,8726
2024/05/27,4,8730
2024/05/28,4,8734
2024/05/29,4,8738
2024/05/30,3,8741
2024/05/31,8,8749
2024/06/01,8,8757
2024/06/02,4,8761
2024/06/03,2,8763
2024/06/04,6,8769
2024/06/05,9,8778
2024/06/06,6,8784
2024/06/07,8,8792
2024/06/08,2,8794
2024/06/10,2,8796
2024/06/11,8,8804
2024/06/12,5,8809
2024/06/13,6,8815
2024/06/14,2,8817
2024/06/15,3,8820
2024/06/17,5,8825
2024/06/18,4,8829
2024/06/19,9,8838
2024/06/20,3,8841
2024/06/21,6,8847
2024/06/22,2,8849
2024/06/23,4,8853
2024/06/24,2,8855
2024/06/25,7,8862
2024/06/26,2,8864
2024/06/27,3,8867
2024/06/28,3,8870
2024/06/29,1,8871
2024/06/30,2,8873
2024/07/01,4,8877
2024/07/02,4,8881
2024/07/03,2,8883
2024/07/04,3,8886
2024/07/05,8,8894
2024/07/06,1,8895
2024/07/07,2,8897
2024/07/08,1,8898
2024/07/09,5,8903
2024/07/10,6,8909
2024/07/11,5,8914
2024/07/12,8,8922
2024/07/13,1,8923
2024/07/14,2,8925
2024/07/15,5,8930
2024/07/16,3,8933
2024/07/17,2,8935
2024/07/18,9,8944
2024/07/19,5,8949
2024/07/20,1,8950
2024/07/21,4,8954
2024/07/23,5,8959
2024/07/24,3,8962
2024/07/25,4,8966
2024/07/26,5,8971
2024/07/27,1,8972
2024/07/29,5,8977
2024/07/30,6,8983
2024/07/31,5,8988
2024/08/01,4,8992
2024/08/02,4,8996
2024/08/03,4,9000
2024/08/04,6,9006
2024/08/05,2,9008
2024/08/06,6,9014
2024/08/07,2,9016
2024/08/08,4,9020
2024/08/09,3,9023
2024/08/10,1,9024
2024/08/11,1,9025
2024/08/12,6,9031
2024/08/13,1,9032
2024/08/14,2,9034
2024/08/15,3,9037
2024/08/16,5,9042
2024/08/17,4,9046
2024/08/18,1,9047
2024/08/19,4,9051
2024/08/20,4,9055
2024/08/21,5,9060
2024/08/22,4,9064
2024/08/23,3,9067
2024/08/24,6,9073
2024/08/25,2,9075
2024/08/26,6,9081
2024/08/27,2,9083
2024/08/28,7,9090
2024/08/29,2,9092
2024/08/30,3,9095
2024/08/31,3,9098
2024/09/02,4,9102
2024/09/03,9,9111
2024/09/04,1,9112
2024/09/05,8,9120
2024/09/06,69,9189
2024/09/07,63,9252
2024/09/08,6,9258
2024/09/09,8,9266
2024/09/10,9,9275
2024/09/11,4,9279
2024/09/12,7,9286
2024/09/13,4,9290
2024/09/14,2,9292
2024/09/15,2,9294
2024/09/17,5,9299
2024/09/18,3,9302
2024/09/19,9,9311
2024/09/20,10,9321
2024/09/21,3,9324
2024/09/22,3,9327
2024/09/23,7,9334
2024/09/24,8,9342
2024/09/25,4,9346
2024/09/26,4,9350
2024/09/27,3,9353
2024/09/28,4,9357
2024/09/29,4,9361
2024/09/30,1,9362
2024/10/01,3,9365
2024/10/02,7,9372
2024/10/03,3,9375
2024/10/04,2,9377
2024/10/05,3,9380
2024/10/06,2,9382
2024/10/07,2,9384
2024/10/08,2,9386
2024/10/09,2,9388
2024/10/10,4,9392
2024/10/11,5,9397
2024/10/12,5,9402
2024/10/13,4,9406
2024/10/14,8,9414
2024/10/15,5,9419
2024/10/16,5,9424
2024/10/17,7,9431
2024/10/18,3,9434
2024/10/19,5,9439
2024/10/20,4,9443
2024/10/21,4,9447
2024/10/22,9,9456
2024/10/23,4,9460
2024/10/24,5,9465
2024/10/25,8,9473
2024/10/26,3,9476
2024/10/27,3,9479
2024/10/28,6,9485
2024/10/29,6,9491
2024/10/30,7,9498
2024/10/31,5,9503
2024/11/01,4,9507
2024/11/02,1,9508
2024/11/04,1,9509
2024/11/05,1,9510
2024/11/06,1,9511
2024/11/07,4,9515
2024/11/08,8,9523
2024/11/09,3,9526
2024/11/11,8,9534
2024/11/12,3,9537
2024/11/13,1,9538
2024/11/14,10,9548
2024/11/15,2,9550
2024/11/16,4,9554
2024/11/18,8,9562
2024/11/19,8,9570
2024/11/20,4,9574
2024/11/21,2,9576
2024/11/22,5,9581
2024/11/23,3,9584
2024/11/24,4,9588
2024/11/25,2,9590
2024/11/26,4,9594
2024/11/27,8,9602
2024/11/28,7,9609
2024/11/29,4,9613
2024/12/01,1,9614
2024/12/02,6,9620
2024/12/03,8,9628
2024/12/04,5,9633
2024/12/05,3,9636
2024/12/06,8,9644
2024/12/07,1,9645
2024/12/08,3,9648
2024/12/09,9,9657
2024/12/10,6,9663
2024/12/11,4,9667
2024/12/12,4,9671
2024/12/13,3,9674
2024/12/14,2,9676
2024/12/15,2,9678
2024/12/16,1,9679
2024/12/17,4,9683
2024/12/18,2,9685
2024/12/19,1,9686
2024/12/20,3,9689
2024/12/21,1,9690
2024/12/22,1,9691
2024/12/23,3,9694
2024/12/24,2,9696
2024/12/25,5,9701
2024/12/26,3,9704
2024/12/27,5,9709
2024/12/28,2,9711
2024/12/29,2,9713
2024/12/30,3,9716
2024/12/31,1,9717
2025/01/01,3,9720
2025/01/02,5,9725
2025/01/03,11,9736
2025/01/04,5,9741
2025/01/05,3,9744
2025/01/06,4,9748
2025/01/07,3,9751
2025/01/08,2,9753
2025/01/09,4,9757
2025/01/10,5,9762
2025/01/11,1,9763
2025/01/12,2,9765
2025/01/13,2,9767
2025/01/14,5,9772
2025/01/15,2,9774
2025/01/16,4,9778
2025/01/17,2,9780
2025/01/18,3,9783
2025/01/19,2,9785
2025/01/20,4,9789
2025/01/21,2,9791
2025/01/22,5,9796
2025/01/23,8,9804
2025/01/24,11,9815
2025/01/25,1,9816
2025/01/26,106,9922
2025/01/27,55,9977
2025/01/28,8,9985
2025/01/29,9,9994
2025/01/30,4,9998
2025/01/31,6,10004
2025/02/01,5,10009
2025/02/02,4,10013
2025/02/03,1,10014
2025/02/04,5,10019
2025/02/05,3,10022
2025/02/06,3,10025
2025/02/07,5,10030
2025/02/09,1,10031
2025/02/10,6,10037
2025/02/11,2,10039
2025/02/12,3,10042
2025/02/13,3,10045
2025/02/14,5,10050
2025/02/15,3,10053
2025/02/16,2,10055
2025/02/17,3,10058
2025/02/18,4,10062
2025/02/19,3,10065
2025/02/20,5,10070
2025/02/21,4,10074
2025/02/22,5,10079
2025/02/23,2,10081
2025/02/24,6,10087
2025/02/25,3,10090
2025/02/26,1,10091
2025/02/27,6,10097
2025/02/28,1,10098
2025/03/01,6,10104
2025/03/02,39,10143
2025/03/03,2,10145
2025/03/04,3,10148
2025/03/05,7,10155
2025/03/07,4,10159
2025/03/08,4,10163
2025/03/09,5,10168
2025/03/10,6,10174
2025/03/11,6,10180
2025/03/12,2,10182
2025/03/13,11,10193
2025/03/14,7,10200
2025/03/16,2,10202
2025/03/17,6,10208
2025/03/18,5,10213
2025/03/19,5,10218
2025/03/20,11,10229
2025/03/21,8,10237
2025/03/23,1,10238
2025/03/24,6,10244
2025/03/25,5,10249
2025/03/26,10,10259
2025/03/27,13,10272
2025/03/28,4,10276
2025/03/29,5,10281
2025/03/30,4,10285
2025/03/31,5,10290
2025/04/01,8,10298
2025/04/02,6,10304
2025/04/03,3,10307
2025/04/04,2,10309
2025/04/05,4,10313
2025/04/06,1,10314
2025/04/07,7,10321
2025/04/08,4,10325
2025/04/09,4,10329
2025/04/10,4,10333
2025/04/11,5,10338
2025/04/12,3,10341
2025/04/13,3,10344
2025/04/14,2,10346
2025/04/15,2,10348
2025/04/16,9,10357
2025/04/17,2,10359
2025/04/18,6,10365
2025/04/19,4,10369
2025/04/20,2,10371
2025/04/21,1,10372
2025/04/22,3,10375
2025/04/23,4,10379
2025/04/24,2,10381
2025/04/25,1,10382
2025/04/26,3,10385
2025/04/27,4,10389
2025/04/28,7,10396
2025/04/29,3,10399
2025/04/30,3,10402
2025/05/01,1,10403
2025/05/02,6,10409
2025/05/03,2,10411
2025/05/04,1,10412
2025/05/06,5,10417
2025/05/07,4,10421
2025/05/08,2,10423
2025/05/09,5,10428
2025/05/10,3,10431
2025/05/11,2,10433
2025/05/12,4,10437
2025/05/13,7,10444
2025/05/14,6,10450
2025/05/15,7,10457
2025/05/16,2,10459
2025/05/19,5,10464
2025/05/20,3,10467
2025/05/21,4,10471
2025/05/22,2,10473
2025/05/23,4,10477
2025/05/24,1,10478
2025/05/25,1,10479
2025/05/26,4,10483
2025/05/27,5,10488
2025/05/28,5,10493
2025/05/29,7,10500
2025/05/30,1,10501
2025/05/31,1,10502
2025/06/01,2,10504
2025/06/02,3,10507
2025/06/03,6,10513
2025/06/04,1,10514
2025/06/05,9,10523
2025/06/06,25,10548
2025/06/07,3,10551
2025/06/08,4,10555
2025/06/09,49,10604
2025/06/10,11,10615
2025/06/11,5,10620
2025/06/12,5,10625
2025/06/13,4,10629
2025/06/14,2,10631
2025/06/15,6,10637
2025/06/16,4,10641
2025/06/17,8,10649
2025/06/18,5,10654
2025/06/19,2,10656
2025/06/20,4,10660
2025/06/21,3,10663
2025/06/22,6,10669
2025/06/23,2,10671
2025/06/24,8,10679
2025/06/25,7,10686
2025/06/26,5,10691
2025/06/27,3,10694
2025/06/28,2,10696
2025/06/29,2,10698
2025/06/30,3,10701
2025/07/01,8,10709
2025/07/02,5,10714
2025/07/03,6,10720
2025/07/04,7,10727
2025/07/05,1,10728
2025/07/06,1,10729
2025/07/07,3,10732
2025/07/08,5,10737
2025/07/09,4,10741
2025/07/10,2,10743
2025/07/11,9,10752
2025/07/12,2,10754
2025/07/13,2,10756
2025/07/14,6,10762
2025/07/15,7,10769
2025/07/16,13,10782
2025/07/17,6,10788
2025/07/18,4,10792
2025/07/20,5,10797
2025/07/21,4,10801
2025/07/22,4,10805
2025/07/23,10,10815
2025/07/24,3,10818
2025/07/25,5,10823
2025/07/26,3,10826
2025/07/27,3,10829
2025/07/28,7,10836
2025/07/29,11,10847
2025/07/30,7,10854
2025/07/31,4,10858
2025/08/01,5,10863
2025/08/02,3,10866
2025/08/03,4,10870
2025/08/04,8,10878
2025/08/05,6,10884
2025/08/06,4,10888
2025/08/07,3,10891
2025/08/08,4,10895
2025/08/10,3,10898
2025/08/11,3,10901
2025/08/12,1,10902
2025/08/13,4,10906
2025/08/14,9,10915
2025/08/15,5,10920
2025/08/16,4,10924
2025/08/17,3,10927
2025/08/18,7,10934
2025/08/19,4,10938
2025/08/20,1,10939
2025/08/21,4,10943
2025/08/22,5,10948
2025/08/23,6,10954
2025/08/25,6,10960
2025/08/26,3,10963
2025/08/27,4,10967
2025/08/28,8,10975
2025/08/29,5,10980
2025/08/30,4,10984
2025/08/31,4,10988
2025/09/01,1,10989
2025/09/02,4,10993
2025/09/03,3,10996
2025/09/04,5,11001
2025/09/05,3,11004
2025/09/06,2,11006
2025/09/07,2,11008
2025/09/08,6,11014
2025/09/09,6,11020
2025/09/10,6,11026
2025/09/11,5,11031
2025/09/12,3,11034
2025/09/13,1,11035
2025/09/14,1,11036
2025/09/15,6,11042
2025/09/16,5,11047
2025/09/17,4,11051
2025/09/18,3,11054
2025/09/19,7,11061
2025/09/20,3,11064
2025/09/21,1,11065
2025/09/22,5,11070
2025/09/23,4,11074
2025/09/24,5,11079
2025/09/25,3,11082
2025/09/26,7,11089
2025/09/27,2,11091
2025/09/28,4,11095
2025/09/29,5,11100
2025/09/30,10,11110
2025/10/01,6,11116
2025/10/02,2,11118
2025/10/04,1,11119
2025/10/05,2,11121
2025/10/06,5,11126
2025/10/07,4,11130
2025/10/08,3,11133
2025/10/09,3,11136
2025/10/10,4,11140
2025/10/11,6,11146
2025/10/12,4,11150
2025/10/13,2,11152
2025/10/14,5,11157
2025/10/15,6,11163
2025/10/16,8,11171
2025/10/17,1,11172
2025/10/18,1,11173
2025/10/19,2,11175
2025/10/22,6,11181
2025/10/23,9,11190
2025/10/24,8,11198
2025/10/25,5,11203
2025/10/26,3,11206
2025/10/27,3,11209
2025/10/28,3,11212
